sr no.,Temprature,Humidity,Crop,Sunset,Sunrise,Yield
1,10,78,Wheat,7.3,5.5,NO
2,30,50,Wheat,7.5,5.4,YES
3,15,89,Wheat,6.5,5.5,NO
4,32,55,Wheat,7.5,6,YES
5,33,60,Wheat,7.2,6.1,YES
6,35,52,Wheat,7,6,YES
7,25,44,Wheat,7.24,6.3,NO
8,35,58,Wheat,8.1,6.25,YES
9,34,59,Wheat,8.12,6.32,YES
10,33,60,Wheat,7.5,5.5,YES
11,33,55,Wheat,7.5,6,YES
12,36,50,Wheat,7.2,6.1,YES
13,34,60,Wheat,7.5,6.2,YES
14,30,58,Wheat,7.4,6,YES
15,40,89,Wheat,7,6.3,NO
16,38,65,Wheat,7.5,6.4,NO
17,39,69,Wheat,7.4,7,NO
18,35,50,Wheat,7.5,6.5,YES
19,44,77,Wheat,8,6.3,NO
20,40,79,Wheat,8.1,6.4,NO
21,30,60,Wheat,7.5,6,YES
22,25,72,Wheat,7.2,6.1,NO
23,24,82,Wheat,7.5,6.2,NO
24,32,52,Wheat,7.4,6,YES
25,31,51,Wheat,7,6.3,YES
26,40,88,Wheat,7.5,6.4,NO
27,39,65,Wheat,7.4,7,NO
28,33,58,Wheat,7.5,6.5,YES
29,37,40,Wheat,7.32,5.45,NO
30,41,49,Wheat,7.25,6.1,NO
31,35,57,Wheat,7.45,6.11,YES
32,33,55,Wheat,8,6.12,YES
33,32,56,Wheat,8.12,5.54,YES
34,33,60,Wheat,8.13,5.59,YES
35,18,85,Wheat,8.11,6.45,NO
36,32,57,Wheat,7,6.55,YES
37,20,77,Wheat,7.55,6.34,NO
38,30,56,Wheat,7.35,6,YES
39,16,77,Wheat,8,6.3,NO
40,15,89,Wheat,8.1,6.4,NO
41,32,59,Wheat,7.32,5.45,YES
42,33,60,Wheat,7.25,6.1,YES
43,25,89,Wheat,7.45,6.11,NO
44,40,100,Wheat,8,6.12,NO
45,18,78,Wheat,8.12,5.54,NO
46,15,35,Wheat,8.13,5.59,NO
47,50,65,Wheat,8.11,6.45,NO
48,44,98,Wheat,7,6.55,NO
49,42,66,Wheat,7.55,6.34,NO
50,40,70,Wheat,7.35,6,NO
51,26,90,Rice,7.5,6,YES
52,28,92,Rice,7.2,6.1,YES
53,30,50,Rice,7.5,6.2,NO
54,38,58,Rice,7.4,6,NO
55,26,99,Rice,7,6.3,YES
56,19,36,Rice,7.5,6.4,NO
57,30,98,Rice,7.4,7,YES
58,20,45,Rice,7.5,6.5,NO
59,24,92,Rice,8,6.3,YES
60,24,47,Rice,8.1,6.4,NO
61,25,80,Rice,8.1,6.4,NO
62,26,96,Rice,7.32,5.45,YES
63,32,70,Rice,7.25,6.1,NO
64,28,96,Rice,7.45,6.11,YES
65,27,98,Rice,8,6.12,YES
66,29,92,Rice,8.12,5.54,YES
67,40,82,Rice,8.13,5.59,NO
68,26,90,Rice,8.11,6.45,YES
69,26,97,Rice,7,6.55,YES
70,28,100,Rice,7.55,6.34,YES
71,29,92,Rice,7.35,6,YES
72,28,94,Rice,7.5,6,YES
73,30,94,Rice,7.2,6.1,YES
74,30,98,Rice,7.5,6.2,YES
75,42,78,Rice,7.4,6,NO
76,44,77,Rice,7,6.3,NO
77,40,65,Rice,7.5,6.4,NO
78,29,90,Rice,7.4,7,YES
79,33,55,Rice,7.5,6.5,NO
80,38,75,Rice,8,6.3,NO
81,30,97,Rice,8.1,6.4,YES
82,19,78,Rice,8.1,6.4,NO
83,18,80,Rice,7.32,5.45,NO
84,26,99,Rice,7.25,6.1,YES
85,26,100,Rice,7.45,6.11,YES
86,15,78,Rice,8,6.12,NO
87,34,74,Rice,7,6.55,NO
88,28,91,Rice,7.55,6.34,YES
89,36,65,Rice,7.35,6,NO
90,38,58,Rice,8,6.3,NO
91,27,97,Rice,8.1,6.4,YES
92,29,94,Rice,7.32,5.45,YES
93,28,95,Rice,7.25,6.1,YES
94,26,97,Rice,7.45,6.11,YES
95,5,55,Rice,8,6.12,NO
96,15,50,Rice,8.12,5.54,NO
97,40,64,Rice,8.12,5.54,NO
98,38,68,Rice,8.13,5.59,NO
99,35,70,Rice,8.11,6.45,NO
100,39,77,Rice,7,6.55,NO
101,35,80,Suger cane,7.55,6.34,YES
102,38,85,Suger cane,7.2,6.1,YES
103,39,60,Suger cane,7.5,6.2,NO
104,44,77,Suger cane,7.4,6,NO
105,42,100,Suger cane,7,6.3,NO
106,45,90,Suger cane,7.5,6.4,NO
107,18,98,Suger cane,7.4,7,NO
108,12,88,Suger cane,7.5,6.5,NO
109,10,82,Suger cane,8,6.3,NO
110,5,77,Suger cane,8.1,6.4,NO
111,45,72,Suger cane,7,6.55,NO
112,38,82,Suger cane,7.55,6.34,YES
113,37,85,Suger cane,7.35,6,YES
114,30,95,Suger cane,7.5,6,NO
115,29,99,Suger cane,7.2,6.1,NO
116,38,83,Suger cane,7.5,6.2,YES
117,19,45,Suger cane,7.4,6,NO
118,48,100,Suger cane,7,6.3,NO
119,35,80,Suger cane,7.5,6.4,YES
120,34,80,Suger cane,7.4,7,YES
121,33,82,Suger cane,7.5,6.5,YES
122,32,85,Suger cane,8,6.3,YES
123,19,78,Suger cane,8.12,5.54,NO
124,33,80,Suger cane,8.13,5.59,YES
125,15,68,Suger cane,8.11,6.45,NO
126,38,82,Suger cane,7,6.55,YES
127,39,70,Suger cane,7.55,6.34,NO
128,15,78,Suger cane,7.35,6,NO
129,37,82,Suger cane,8,6.3,YES
130,33,83,Suger cane,8.1,6.4,YES
131,10,66,Suger cane,7.32,5.45,NO
132,22,68,Suger cane,7.25,6.1,NO
133,37,85,Suger cane,7.2,6.1,YES
134,25,70,Suger cane,7.5,6.2,NO
135,48,72,Suger cane,7.4,6,NO
136,35,80,Suger cane,7,6.3,YES
137,32,82,Suger cane,7.5,6.4,YES
138,38,82,Suger cane,7.4,7,YES
139,33,85,Suger cane,7.5,6.5,YES
140,44,89,Suger cane,8,6.3,NO
141,38,80,Suger cane,8.12,5.54,YES
142,40,88,Suger cane,8.13,5.59,NO
143,33,82,Suger cane,8.11,6.45,YES
144,5,40,Suger cane,7,6.55,NO
145,38,83,Suger cane,7.55,6.34,YES
146,34,82,Suger cane,7.35,6,YES
147,34,85,Suger cane,8,6.3,YES
148,33,80,Suger cane,8.1,6.4,YES
149,32,80,Suger cane,7.32,5.45,YES
150,15,79,Suger cane,7.25,6.1,NO
151,25,75,Pigeon Pea,7.5,6,YES
152,28,78,Pigeon Pea,7.2,6.1,YES
153,30,80,Pigeon Pea,7.5,6.2,YES
154,25,70,Pigeon Pea,7.4,6,YES
155,35,90,Pigeon Pea,7,6.3,NO
156,32,100,Pigeon Pea,7.5,6.4,NO
157,31,89,Pigeon Pea,7.4,7,NO
158,27,80,Pigeon Pea,7.5,6.5,YES
159,16,50,Pigeon Pea,8,6.3,NO
160,7,37,Pigeon Pea,8.1,6.4,NO
161,26,77,Pigeon Pea,7.5,6,YES
162,15,78,Pigeon Pea,7.2,6.1,NO
163,12,65,Pigeon Pea,7.5,6.2,NO
164,27,80,Pigeon Pea,7.4,6,YES
165,24,75,Pigeon Pea,7,6.3,YES
166,35,55,Pigeon Pea,7.5,6.4,NO
167,34,65,Pigeon Pea,7.4,7,NO
168,26,88,Pigeon Pea,7.5,6.5,YES
169,40,100,Pigeon Pea,7.32,5.45,NO
170,38,94,Pigeon Pea,7.25,6.1,NO
171,26,82,Pigeon Pea,7.45,6.11,YES
172,28,87,Pigeon Pea,8,6.12,YES
173,25,78,Pigeon Pea,8.12,5.54,YES
174,27,77,Pigeon Pea,8.13,5.59,YES
175,5,45,Pigeon Pea,8.11,6.45,NO
176,28,82,Pigeon Pea,7,6.55,YES
177,6,35,Pigeon Pea,7.55,6.34,NO
178,29,87,Pigeon Pea,7.35,6,YES
179,14,54,Pigeon Pea,8,6.3,NO
180,10,44,Pigeon Pea,8.1,6.4,NO
181,29,78,Pigeon Pea,7.32,5.45,YES
182,26,77,Pigeon Pea,7.25,6.1,YES
183,28,79,Pigeon Pea,7.45,6.11,YES
184,15,34,Pigeon Pea,8,6.12,NO
185,29,80,Pigeon Pea,8.12,5.54,YES
186,9,45,Pigeon Pea,8.13,5.59,NO
187,25,78,Pigeon Pea,8.11,6.45,YES
188,19,68,Pigeon Pea,7,6.55,NO
189,18,70,Pigeon Pea,7.55,6.34,NO
190,29,83,Pigeon Pea,7.35,6,YES
191,29,92,Pigeon Pea,7.5,6,YES
192,27,90,Pigeon Pea,7.2,6.1,YES
193,15,66,Pigeon Pea,7.5,6.2,NO
194,40,100,Pigeon Pea,7.4,6,NO
195,29,88,Pigeon Pea,7,6.3,YES
196,42,100,Pigeon Pea,7.5,6.4,NO
197,26,89,Pigeon Pea,7.4,7,YES
198,37,89,Pigeon Pea,7.5,6.5,NO
199,29,77,Pigeon Pea,8,6.3,YES
200,33,89,Pigeon Pea,8.1,6.4,NO
