<?xml version="1.0" encoding="UTF-8"?>
<project version="4">
  <component name="ProjectRootManager" version="2" project-jdk-name="Python 2.7.12 (/usr/bin/python2.7)" project-jdk-type="Python SDK" />
  <component name="masterDetails">
    <states>
      <state key="ScopeChooserConfigurable.UI">
        <settings>
          <splitter-proportions>
            <option name="proportions">
              <list>
                <option value="0.2" />
              </list>
            </option>
          </splitter-proportions>
        </settings>
      </state>
    </states>
  </component>
</project>