<?xml version="1.0" encoding="UTF-8"?>
<project version="4">
  <component name="ChangeListManager">
    <list default="true" id="c48da99f-47f4-4bb1-8e94-03cdb6e08074" name="Default" comment="" />
    <option name="EXCLUDED_CONVERTED_TO_IGNORED" value="true" />
    <option name="TRACKING_ENABLED" value="true" />
    <option name="SHOW_DIALOG" value="false" />
    <option name="HIGHLIGHT_CONFLICTS" value="true" />
    <option name="HIGHLIGHT_NON_ACTIVE_CHANGELIST" value="false" />
    <option name="LAST_RESOLUTION" value="IGNORE" />
  </component>
  <component name="CreatePatchCommitExecutor">
    <option name="PATCH_PATH" value="" />
  </component>
  <component name="ExecutionTargetManager" SELECTED_TARGET="default_target" />
  <component name="FileEditorManager">
    <leaf SIDE_TABS_SIZE_LIMIT_KEY="300">
      <file leaf-file-name="views.py" pinned="false" current-in-tab="false">
        <entry file="file://$PROJECT_DIR$/yp/views.py">
          <provider selected="true" editor-type-id="text-editor">
            <state relative-caret-position="72">
              <caret line="4" column="51" lean-forward="false" selection-start-line="4" selection-start-column="51" selection-end-line="4" selection-end-column="51" />
              <folding />
            </state>
          </provider>
        </entry>
      </file>
      <file leaf-file-name="signup.html" pinned="false" current-in-tab="true">
        <entry file="file://$PROJECT_DIR$/yp/templates/signup.html">
          <provider selected="true" editor-type-id="text-editor">
            <state relative-caret-position="402">
              <caret line="75" column="18" lean-forward="false" selection-start-line="75" selection-start-column="18" selection-end-line="75" selection-end-column="18" />
              <folding />
            </state>
          </provider>
        </entry>
      </file>
      <file leaf-file-name="index.html" pinned="false" current-in-tab="false">
        <entry file="file://$PROJECT_DIR$/yp/templates/index.html">
          <provider selected="true" editor-type-id="text-editor">
            <state relative-caret-position="270">
              <caret line="15" column="64" lean-forward="false" selection-start-line="15" selection-start-column="64" selection-end-line="15" selection-end-column="64" />
              <folding>
                <element signature="n#style#0;n#li#0;n#ul#1;n#div#0;n#nav#0;n#body#0;n#html#0;n#!!top" expanded="true" />
                <element signature="n#style#0;n#small#1;n#div#0;n#div#1;n#main#0;n#body#0;n#html#0;n#!!top" expanded="true" />
                <element signature="n#style#0;n#div#0;n#div#0;n#div#1;n#main#0;n#body#0;n#html#0;n#!!top" expanded="true" />
                <element signature="n#style#0;n#div#2;n#main#0;n#body#0;n#html#0;n#!!top" expanded="true" />
                <element signature="n#style#0;n#div#0;n#div#0;n#div#2;n#main#0;n#body#0;n#html#0;n#!!top" expanded="true" />
                <element signature="n#style#0;n#div#3;n#main#0;n#body#0;n#html#0;n#!!top" expanded="true" />
                <element signature="n#style#0;n#img#0;n#div#3;n#main#0;n#body#0;n#html#0;n#!!top" expanded="true" />
                <element signature="n#style#0;n#div#4;n#main#0;n#body#0;n#html#0;n#!!top" expanded="true" />
                <element signature="n#style#0;n#div#0;n#div#0;n#div#4;n#main#0;n#body#0;n#html#0;n#!!top" expanded="true" />
              </folding>
            </state>
          </provider>
        </entry>
      </file>
      <file leaf-file-name="login.html" pinned="false" current-in-tab="false">
        <entry file="file://$PROJECT_DIR$/yp/templates/login.html">
          <provider selected="true" editor-type-id="text-editor">
            <state relative-caret-position="240">
              <caret line="36" column="9" lean-forward="true" selection-start-line="33" selection-start-column="8" selection-end-line="36" selection-end-column="9" />
              <folding />
            </state>
          </provider>
        </entry>
      </file>
      <file leaf-file-name="urls.py" pinned="false" current-in-tab="false">
        <entry file="file://$PROJECT_DIR$/yieldPrediction/urls.py">
          <provider selected="true" editor-type-id="text-editor">
            <state relative-caret-position="432">
              <caret line="24" column="4" lean-forward="false" selection-start-line="24" selection-start-column="4" selection-end-line="24" selection-end-column="4" />
              <folding>
                <element signature="e#649#681#0" expanded="true" />
              </folding>
            </state>
          </provider>
        </entry>
      </file>
      <file leaf-file-name="settings.py" pinned="false" current-in-tab="false">
        <entry file="file://$PROJECT_DIR$/yieldPrediction/settings.py">
          <provider selected="true" editor-type-id="text-editor">
            <state relative-caret-position="234">
              <caret line="13" column="17" lean-forward="false" selection-start-line="13" selection-start-column="17" selection-end-line="13" selection-end-column="17" />
              <folding />
            </state>
          </provider>
        </entry>
      </file>
    </leaf>
  </component>
  <component name="IdeDocumentHistory">
    <option name="CHANGED_PATHS">
      <list>
        <option value="$PROJECT_DIR$/yp/forms.py" />
        <option value="$PROJECT_DIR$/yieldPrediction/settings.py" />
        <option value="$PROJECT_DIR$/yieldPrediction/urls.py" />
        <option value="$PROJECT_DIR$/yp/views.py" />
        <option value="$PROJECT_DIR$/yp/templates/index.html" />
        <option value="$PROJECT_DIR$/yp/templates/login.html" />
        <option value="$PROJECT_DIR$/yp/templates/signup.html" />
      </list>
    </option>
  </component>
  <component name="ProjectFrameBounds">
    <option name="x" value="39" />
    <option name="y" value="24" />
    <option name="width" value="1327" />
    <option name="height" value="744" />
  </component>
  <component name="ProjectView">
    <navigator currentView="ProjectPane" proportions="" version="1">
      <flattenPackages />
      <showMembers />
      <showModules />
      <showLibraryContents />
      <hideEmptyPackages />
      <abbreviatePackageNames />
      <autoscrollToSource />
      <autoscrollFromSource />
      <sortByType />
      <manualOrder />
      <foldersAlwaysOnTop value="true" />
    </navigator>
    <panes>
      <pane id="Scope" />
      <pane id="ProjectPane">
        <subPane>
          <PATH>
            <PATH_ELEMENT>
              <option name="myItemId" value="yieldPrediction" />
              <option name="myItemType" value="com.intellij.ide.projectView.impl.nodes.ProjectViewProjectNode" />
            </PATH_ELEMENT>
            <PATH_ELEMENT>
              <option name="myItemId" value="yieldPrediction" />
              <option name="myItemType" value="com.intellij.ide.projectView.impl.nodes.PsiDirectoryNode" />
            </PATH_ELEMENT>
          </PATH>
          <PATH>
            <PATH_ELEMENT>
              <option name="myItemId" value="yieldPrediction" />
              <option name="myItemType" value="com.intellij.ide.projectView.impl.nodes.ProjectViewProjectNode" />
            </PATH_ELEMENT>
            <PATH_ELEMENT>
              <option name="myItemId" value="yieldPrediction" />
              <option name="myItemType" value="com.intellij.ide.projectView.impl.nodes.PsiDirectoryNode" />
            </PATH_ELEMENT>
            <PATH_ELEMENT>
              <option name="myItemId" value="yp" />
              <option name="myItemType" value="com.intellij.ide.projectView.impl.nodes.PsiDirectoryNode" />
            </PATH_ELEMENT>
          </PATH>
          <PATH>
            <PATH_ELEMENT>
              <option name="myItemId" value="yieldPrediction" />
              <option name="myItemType" value="com.intellij.ide.projectView.impl.nodes.ProjectViewProjectNode" />
            </PATH_ELEMENT>
            <PATH_ELEMENT>
              <option name="myItemId" value="yieldPrediction" />
              <option name="myItemType" value="com.intellij.ide.projectView.impl.nodes.PsiDirectoryNode" />
            </PATH_ELEMENT>
            <PATH_ELEMENT>
              <option name="myItemId" value="yp" />
              <option name="myItemType" value="com.intellij.ide.projectView.impl.nodes.PsiDirectoryNode" />
            </PATH_ELEMENT>
            <PATH_ELEMENT>
              <option name="myItemId" value="templates" />
              <option name="myItemType" value="com.intellij.ide.projectView.impl.nodes.PsiDirectoryNode" />
            </PATH_ELEMENT>
          </PATH>
          <PATH>
            <PATH_ELEMENT>
              <option name="myItemId" value="yieldPrediction" />
              <option name="myItemType" value="com.intellij.ide.projectView.impl.nodes.ProjectViewProjectNode" />
            </PATH_ELEMENT>
            <PATH_ELEMENT>
              <option name="myItemId" value="yieldPrediction" />
              <option name="myItemType" value="com.intellij.ide.projectView.impl.nodes.PsiDirectoryNode" />
            </PATH_ELEMENT>
            <PATH_ELEMENT>
              <option name="myItemId" value="yieldPrediction" />
              <option name="myItemType" value="com.intellij.ide.projectView.impl.nodes.PsiDirectoryNode" />
            </PATH_ELEMENT>
          </PATH>
        </subPane>
      </pane>
      <pane id="Scratches" />
    </panes>
  </component>
  <component name="PropertiesComponent">
    <property name="settings.editor.selected.configurable" value="preferences.sourceCode" />
    <property name="last_opened_file_path" value="$PROJECT_DIR$" />
  </component>
  <component name="RunManager">
    <configuration default="true" type="PythonConfigurationType" factoryName="Python">
      <option name="INTERPRETER_OPTIONS" value="" />
      <option name="PARENT_ENVS" value="true" />
      <envs>
        <env name="PYTHONUNBUFFERED" value="1" />
      </envs>
      <option name="SDK_HOME" value="" />
      <option name="WORKING_DIRECTORY" value="" />
      <option name="IS_MODULE_SDK" value="false" />
      <option name="ADD_CONTENT_ROOTS" value="true" />
      <option name="ADD_SOURCE_ROOTS" value="true" />
      <module name="yieldPrediction" />
      <option name="SCRIPT_NAME" value="" />
      <option name="PARAMETERS" value="" />
      <option name="SHOW_COMMAND_LINE" value="false" />
      <method />
    </configuration>
    <configuration default="true" type="Tox" factoryName="Tox">
      <option name="INTERPRETER_OPTIONS" value="" />
      <option name="PARENT_ENVS" value="true" />
      <envs />
      <option name="SDK_HOME" value="" />
      <option name="WORKING_DIRECTORY" value="" />
      <option name="IS_MODULE_SDK" value="false" />
      <option name="ADD_CONTENT_ROOTS" value="true" />
      <option name="ADD_SOURCE_ROOTS" value="true" />
      <module name="yieldPrediction" />
      <method />
    </configuration>
    <configuration default="true" type="tests" factoryName="Attests">
      <option name="INTERPRETER_OPTIONS" value="" />
      <option name="PARENT_ENVS" value="true" />
      <envs />
      <option name="SDK_HOME" value="" />
      <option name="WORKING_DIRECTORY" value="" />
      <option name="IS_MODULE_SDK" value="false" />
      <option name="ADD_CONTENT_ROOTS" value="true" />
      <option name="ADD_SOURCE_ROOTS" value="true" />
      <module name="yieldPrediction" />
      <option name="SCRIPT_NAME" value="" />
      <option name="CLASS_NAME" value="" />
      <option name="METHOD_NAME" value="" />
      <option name="FOLDER_NAME" value="" />
      <option name="TEST_TYPE" value="TEST_SCRIPT" />
      <option name="PATTERN" value="" />
      <option name="USE_PATTERN" value="false" />
      <method />
    </configuration>
    <configuration default="true" type="tests" factoryName="Doctests">
      <option name="INTERPRETER_OPTIONS" value="" />
      <option name="PARENT_ENVS" value="true" />
      <envs />
      <option name="SDK_HOME" value="" />
      <option name="WORKING_DIRECTORY" value="" />
      <option name="IS_MODULE_SDK" value="false" />
      <option name="ADD_CONTENT_ROOTS" value="true" />
      <option name="ADD_SOURCE_ROOTS" value="true" />
      <module name="yieldPrediction" />
      <option name="SCRIPT_NAME" value="" />
      <option name="CLASS_NAME" value="" />
      <option name="METHOD_NAME" value="" />
      <option name="FOLDER_NAME" value="" />
      <option name="TEST_TYPE" value="TEST_SCRIPT" />
      <option name="PATTERN" value="" />
      <option name="USE_PATTERN" value="false" />
      <method />
    </configuration>
    <configuration default="true" type="tests" factoryName="Nosetests">
      <option name="INTERPRETER_OPTIONS" value="" />
      <option name="PARENT_ENVS" value="true" />
      <envs />
      <option name="SDK_HOME" value="" />
      <option name="WORKING_DIRECTORY" value="" />
      <option name="IS_MODULE_SDK" value="false" />
      <option name="ADD_CONTENT_ROOTS" value="true" />
      <option name="ADD_SOURCE_ROOTS" value="true" />
      <module name="yieldPrediction" />
      <option name="SCRIPT_NAME" value="" />
      <option name="CLASS_NAME" value="" />
      <option name="METHOD_NAME" value="" />
      <option name="FOLDER_NAME" value="" />
      <option name="TEST_TYPE" value="TEST_SCRIPT" />
      <option name="PATTERN" value="" />
      <option name="USE_PATTERN" value="false" />
      <option name="PARAMS" value="" />
      <option name="USE_PARAM" value="false" />
      <method />
    </configuration>
    <configuration default="true" type="tests" factoryName="Unittests">
      <option name="INTERPRETER_OPTIONS" value="" />
      <option name="PARENT_ENVS" value="true" />
      <envs />
      <option name="SDK_HOME" value="" />
      <option name="WORKING_DIRECTORY" value="" />
      <option name="IS_MODULE_SDK" value="false" />
      <option name="ADD_CONTENT_ROOTS" value="true" />
      <option name="ADD_SOURCE_ROOTS" value="true" />
      <module name="yieldPrediction" />
      <option name="SCRIPT_NAME" value="" />
      <option name="CLASS_NAME" value="" />
      <option name="METHOD_NAME" value="" />
      <option name="FOLDER_NAME" value="" />
      <option name="TEST_TYPE" value="TEST_SCRIPT" />
      <option name="PATTERN" value="" />
      <option name="USE_PATTERN" value="false" />
      <option name="PUREUNITTEST" value="true" />
      <option name="PARAMS" value="" />
      <option name="USE_PARAM" value="false" />
      <method />
    </configuration>
    <configuration default="true" type="tests" factoryName="py.test">
      <option name="INTERPRETER_OPTIONS" value="" />
      <option name="PARENT_ENVS" value="true" />
      <envs />
      <option name="SDK_HOME" value="" />
      <option name="WORKING_DIRECTORY" value="" />
      <option name="IS_MODULE_SDK" value="false" />
      <option name="ADD_CONTENT_ROOTS" value="true" />
      <option name="ADD_SOURCE_ROOTS" value="true" />
      <module name="yieldPrediction" />
      <option name="SCRIPT_NAME" value="" />
      <option name="CLASS_NAME" value="" />
      <option name="METHOD_NAME" value="" />
      <option name="FOLDER_NAME" value="" />
      <option name="TEST_TYPE" value="TEST_SCRIPT" />
      <option name="PATTERN" value="" />
      <option name="USE_PATTERN" value="false" />
      <option name="testToRun" value="" />
      <option name="keywords" value="" />
      <option name="params" value="" />
      <option name="USE_PARAM" value="false" />
      <option name="USE_KEYWORD" value="false" />
      <method />
    </configuration>
  </component>
  <component name="ShelveChangesManager" show_recycled="false">
    <option name="remove_strategy" value="false" />
  </component>
  <component name="TaskManager">
    <task active="true" id="Default" summary="Default task">
      <changelist id="c48da99f-47f4-4bb1-8e94-03cdb6e08074" name="Default" comment="" />
      <created>1520340108104</created>
      <option name="number" value="Default" />
      <option name="presentableId" value="Default" />
      <updated>1520340108104</updated>
    </task>
    <servers />
  </component>
  <component name="ToolWindowManager">
    <frame x="39" y="24" width="1327" height="744" extended-state="6" />
    <editor active="true" />
    <layout>
      <window_info id="Project" active="false" anchor="left" auto_hide="false" internal_type="DOCKED" type="DOCKED" visible="true" show_stripe_button="true" weight="0.24943481" sideWeight="0.5" order="0" side_tool="false" content_ui="combo" />
      <window_info id="TODO" active="false" anchor="bottom" auto_hide="false" internal_type="DOCKED" type="DOCKED" visible="false" show_stripe_button="true" weight="0.33" sideWeight="0.5" order="6" side_tool="false" content_ui="tabs" />
      <window_info id="Event Log" active="false" anchor="bottom" auto_hide="false" internal_type="DOCKED" type="DOCKED" visible="false" show_stripe_button="true" weight="0.33" sideWeight="0.5" order="7" side_tool="true" content_ui="tabs" />
      <window_info id="Version Control" active="false" anchor="bottom" auto_hide="false" internal_type="DOCKED" type="DOCKED" visible="false" show_stripe_button="false" weight="0.33" sideWeight="0.5" order="7" side_tool="false" content_ui="tabs" />
      <window_info id="Python Console" active="false" anchor="bottom" auto_hide="false" internal_type="DOCKED" type="DOCKED" visible="false" show_stripe_button="true" weight="0.33" sideWeight="0.5" order="7" side_tool="false" content_ui="tabs" />
      <window_info id="Structure" active="false" anchor="left" auto_hide="false" internal_type="DOCKED" type="DOCKED" visible="false" show_stripe_button="true" weight="0.25" sideWeight="0.5" order="1" side_tool="false" content_ui="tabs" />
      <window_info id="Terminal" active="false" anchor="bottom" auto_hide="false" internal_type="DOCKED" type="DOCKED" visible="false" show_stripe_button="true" weight="0.33" sideWeight="0.5" order="7" side_tool="false" content_ui="tabs" />
      <window_info id="Favorites" active="false" anchor="left" auto_hide="false" internal_type="DOCKED" type="DOCKED" visible="false" show_stripe_button="true" weight="0.33" sideWeight="0.5" order="2" side_tool="true" content_ui="tabs" />
      <window_info id="Cvs" active="false" anchor="bottom" auto_hide="false" internal_type="DOCKED" type="DOCKED" visible="false" show_stripe_button="true" weight="0.25" sideWeight="0.5" order="4" side_tool="false" content_ui="tabs" />
      <window_info id="Message" active="false" anchor="bottom" auto_hide="false" internal_type="DOCKED" type="DOCKED" visible="false" show_stripe_button="true" weight="0.33" sideWeight="0.5" order="0" side_tool="false" content_ui="tabs" />
      <window_info id="Commander" active="false" anchor="right" auto_hide="false" internal_type="DOCKED" type="DOCKED" visible="false" show_stripe_button="true" weight="0.4" sideWeight="0.5" order="0" side_tool="false" content_ui="tabs" />
      <window_info id="Inspection" active="false" anchor="bottom" auto_hide="false" internal_type="DOCKED" type="DOCKED" visible="false" show_stripe_button="true" weight="0.4" sideWeight="0.5" order="5" side_tool="false" content_ui="tabs" />
      <window_info id="Run" active="false" anchor="bottom" auto_hide="false" internal_type="DOCKED" type="DOCKED" visible="false" show_stripe_button="true" weight="0.33" sideWeight="0.5" order="2" side_tool="false" content_ui="tabs" />
      <window_info id="Hierarchy" active="false" anchor="right" auto_hide="false" internal_type="DOCKED" type="DOCKED" visible="false" show_stripe_button="true" weight="0.25" sideWeight="0.5" order="2" side_tool="false" content_ui="combo" />
      <window_info id="Find" active="false" anchor="bottom" auto_hide="false" internal_type="DOCKED" type="DOCKED" visible="false" show_stripe_button="true" weight="0.33" sideWeight="0.5" order="1" side_tool="false" content_ui="tabs" />
      <window_info id="Ant Build" active="false" anchor="right" auto_hide="false" internal_type="DOCKED" type="DOCKED" visible="false" show_stripe_button="true" weight="0.25" sideWeight="0.5" order="1" side_tool="false" content_ui="tabs" />
      <window_info id="Debug" active="false" anchor="bottom" auto_hide="false" internal_type="DOCKED" type="DOCKED" visible="false" show_stripe_button="true" weight="0.4" sideWeight="0.5" order="3" side_tool="false" content_ui="tabs" />
    </layout>
  </component>
  <component name="VcsContentAnnotationSettings">
    <option name="myLimit" value="2678400000" />
  </component>
  <component name="XDebuggerManager">
    <breakpoint-manager />
    <watches-manager />
  </component>
  <component name="editorHistoryManager">
    <entry file="file://$PROJECT_DIR$/yp/views.py">
      <provider selected="true" editor-type-id="text-editor">
        <state relative-caret-position="108">
          <caret line="6" column="0" lean-forward="false" selection-start-line="6" selection-start-column="0" selection-end-line="6" selection-end-column="0" />
          <folding />
        </state>
      </provider>
    </entry>
    <entry file="file://$PROJECT_DIR$/yp/templates/index.html">
      <provider selected="true" editor-type-id="text-editor">
        <state relative-caret-position="0">
          <caret line="0" column="0" lean-forward="false" selection-start-line="0" selection-start-column="0" selection-end-line="0" selection-end-column="0" />
          <folding>
            <element signature="n#style#0;n#li#0;n#ul#1;n#div#0;n#nav#0;n#body#0;n#html#0;n#!!top" expanded="true" />
            <element signature="n#style#0;n#small#1;n#div#0;n#div#1;n#main#0;n#body#0;n#html#0;n#!!top" expanded="true" />
            <element signature="n#style#0;n#div#0;n#div#0;n#div#1;n#main#0;n#body#0;n#html#0;n#!!top" expanded="true" />
            <element signature="n#style#0;n#div#2;n#main#0;n#body#0;n#html#0;n#!!top" expanded="true" />
            <element signature="n#style#0;n#div#0;n#div#0;n#div#2;n#main#0;n#body#0;n#html#0;n#!!top" expanded="true" />
            <element signature="n#style#0;n#div#3;n#main#0;n#body#0;n#html#0;n#!!top" expanded="true" />
            <element signature="n#style#0;n#img#0;n#div#3;n#main#0;n#body#0;n#html#0;n#!!top" expanded="true" />
            <element signature="n#style#0;n#div#4;n#main#0;n#body#0;n#html#0;n#!!top" expanded="true" />
            <element signature="n#style#0;n#div#0;n#div#0;n#div#4;n#main#0;n#body#0;n#html#0;n#!!top" expanded="true" />
          </folding>
        </state>
      </provider>
    </entry>
    <entry file="file://$PROJECT_DIR$/yieldPrediction/urls.py">
      <provider selected="true" editor-type-id="text-editor">
        <state relative-caret-position="324">
          <caret line="20" column="28" lean-forward="false" selection-start-line="20" selection-start-column="28" selection-end-line="20" selection-end-column="28" />
          <folding>
            <element signature="e#649#681#0" expanded="true" />
          </folding>
        </state>
      </provider>
    </entry>
    <entry file="file://$PROJECT_DIR$/yieldPrediction/settings.py">
      <provider selected="true" editor-type-id="text-editor">
        <state relative-caret-position="2178">
          <caret line="121" column="53" lean-forward="false" selection-start-line="121" selection-start-column="53" selection-end-line="121" selection-end-column="53" />
          <folding />
        </state>
      </provider>
    </entry>
    <entry file="file://$PROJECT_DIR$/yp/forms.py">
      <provider selected="true" editor-type-id="text-editor">
        <state relative-caret-position="216">
          <caret line="12" column="93" lean-forward="false" selection-start-line="12" selection-start-column="93" selection-end-line="12" selection-end-column="93" />
          <folding>
            <element signature="e#0#24#0" expanded="true" />
          </folding>
        </state>
      </provider>
    </entry>
    <entry file="file://$PROJECT_DIR$/yieldPrediction/settings.py">
      <provider selected="true" editor-type-id="text-editor">
        <state relative-caret-position="234">
          <caret line="13" column="17" lean-forward="false" selection-start-line="13" selection-start-column="17" selection-end-line="13" selection-end-column="17" />
          <folding />
        </state>
      </provider>
    </entry>
    <entry file="file://$PROJECT_DIR$/yieldPrediction/urls.py">
      <provider selected="true" editor-type-id="text-editor">
        <state relative-caret-position="432">
          <caret line="24" column="4" lean-forward="false" selection-start-line="24" selection-start-column="4" selection-end-line="24" selection-end-column="4" />
          <folding>
            <element signature="e#649#681#0" expanded="true" />
          </folding>
        </state>
      </provider>
    </entry>
    <entry file="file://$PROJECT_DIR$/yp/views.py">
      <provider selected="true" editor-type-id="text-editor">
        <state relative-caret-position="72">
          <caret line="4" column="51" lean-forward="false" selection-start-line="4" selection-start-column="51" selection-end-line="4" selection-end-column="51" />
          <folding />
        </state>
      </provider>
    </entry>
    <entry file="file://$PROJECT_DIR$/yp/templates/index.html">
      <provider selected="true" editor-type-id="text-editor">
        <state relative-caret-position="270">
          <caret line="15" column="64" lean-forward="false" selection-start-line="15" selection-start-column="64" selection-end-line="15" selection-end-column="64" />
          <folding>
            <element signature="n#style#0;n#li#0;n#ul#1;n#div#0;n#nav#0;n#body#0;n#html#0;n#!!top" expanded="true" />
            <element signature="n#style#0;n#small#1;n#div#0;n#div#1;n#main#0;n#body#0;n#html#0;n#!!top" expanded="true" />
            <element signature="n#style#0;n#div#0;n#div#0;n#div#1;n#main#0;n#body#0;n#html#0;n#!!top" expanded="true" />
            <element signature="n#style#0;n#div#2;n#main#0;n#body#0;n#html#0;n#!!top" expanded="true" />
            <element signature="n#style#0;n#div#0;n#div#0;n#div#2;n#main#0;n#body#0;n#html#0;n#!!top" expanded="true" />
            <element signature="n#style#0;n#div#3;n#main#0;n#body#0;n#html#0;n#!!top" expanded="true" />
            <element signature="n#style#0;n#img#0;n#div#3;n#main#0;n#body#0;n#html#0;n#!!top" expanded="true" />
            <element signature="n#style#0;n#div#4;n#main#0;n#body#0;n#html#0;n#!!top" expanded="true" />
            <element signature="n#style#0;n#div#0;n#div#0;n#div#4;n#main#0;n#body#0;n#html#0;n#!!top" expanded="true" />
          </folding>
        </state>
      </provider>
    </entry>
    <entry file="file://$PROJECT_DIR$/yp/templates/login.html">
      <provider selected="true" editor-type-id="text-editor">
        <state relative-caret-position="240">
          <caret line="36" column="9" lean-forward="true" selection-start-line="33" selection-start-column="8" selection-end-line="36" selection-end-column="9" />
          <folding />
        </state>
      </provider>
    </entry>
    <entry file="file://$PROJECT_DIR$/yp/templates/signup.html">
      <provider selected="true" editor-type-id="text-editor">
        <state relative-caret-position="402">
          <caret line="75" column="18" lean-forward="false" selection-start-line="75" selection-start-column="18" selection-end-line="75" selection-end-column="18" />
          <folding />
        </state>
      </provider>
    </entry>
  </component>
</project>